file_name,predicted_class,confidence_score
XC312771.ogg,Bird,0.85809857
XC567945.ogg,Animal,0.8632366
XC717577.ogg,Wild animals,0.8349051
XC459013.ogg,Bird,0.8599822
XC570141.ogg,"Bird vocalization, bird call, bird song",0.8386116
XC378696.ogg,Animal,0.8032557
XC469524.ogg,Animal,0.8134305
XC128122.ogg,Animal,0.8965482
XC600357.ogg,Silence,0.95076
XC626814.ogg,Wild animals,0.8186291
XC724803.ogg,Animal,0.82538956
XC607472.ogg,Animal,0.8429561
XC146955.ogg,"Bird vocalization, bird call, bird song",0.85872424
XC714889.ogg,Animal,0.8124695
XC251946.ogg,Animal,0.84738106
XC585417.ogg,Animal,0.8072477
XC632793.ogg,Bird,0.9385806
XC413325.ogg,Bird,0.9198357
XC570145.ogg,"Bird vocalization, bird call, bird song",0.8207158
XC791515.ogg,Silence,0.92977464
XC564094.ogg,Animal,0.81978405
XC633271.ogg,Animal,0.9341827
XC374757.ogg,Animal,0.82351005
XC726388.ogg,Wild animals,0.9296526
XC364765.ogg,Bird,0.8267304
XC695164.ogg,"Bird vocalization, bird call, bird song",0.84302276
XC451178.ogg,Bird,0.8548238
XC845747.ogg,Animal,0.8308146
XC467401.ogg,Animal,0.8753303
XC727230.ogg,Animal,0.8978664
XC801475.ogg,Bird,0.8547657
XC313576.ogg,"Bird vocalization, bird call, bird song",0.87019175
XC710455.ogg,Wild animals,0.8194177
XC573083.ogg,Animal,0.8477871
XC668285.ogg,Wild animals,0.8320818
XC572915.ogg,Animal,0.8898939
XC572914.ogg,Animal,0.8329723
XC727229.ogg,Animal,0.8637809
XC720766.ogg,Bird,0.8167347
XC572643.ogg,Animal,0.81471306
XC666339.ogg,Bird,0.8024652
XC468266.ogg,Animal,0.9061722
XC126357.ogg,Animal,0.8509216
XC511186.ogg,Bird,0.81503737
XC821307.ogg,Silence,0.8982908
XC556969.ogg,Bird,0.8162201
XC773830.ogg,Animal,0.8437255
XC749223.ogg,Animal,0.8548231
XC536197.ogg,Silence,0.89887816
XC768494.ogg,Animal,0.8187894
XC386459.ogg,Animal,0.82252246
XC563715.ogg,Bird,0.8945334
XC374758.ogg,Wild animals,0.89760524
XC435411.ogg,Wild animals,0.8001371
XC583638.ogg,Animal,0.8005059
XC287449.ogg,Animal,0.81100804
XC758838.ogg,Animal,0.85418403
XC632795.ogg,Wild animals,0.8341239
XC184466.ogg,Animal,0.82300794
XC720079.ogg,Silence,0.82767206
XC717159.ogg,Silence,0.9901399
XC787875.ogg,Insect,0.91082984
XC190846.ogg,Animal,0.8166411
XC614613.ogg,Silence,0.9904374
XC390222.ogg,Silence,0.9139863
XC632974.ogg,Silence,0.80178326
XC508591.ogg,Silence,0.9168818
XC519762.ogg,Silence,0.8494472
XC518361.ogg,Silence,0.866708
XC521754.ogg,Silence,0.9712905
XC804370.ogg,Animal,0.8902613
XC511898.ogg,Silence,0.98909914
XC196959.ogg,Bird,0.946534
XC504382.ogg,Animal,0.87439466
XC509307.ogg,Silence,0.87354773
XC520058.ogg,Silence,0.94113725
XC362679.ogg,Animal,0.8642569
XC345162.ogg,Silence,0.8934162
XC714497.ogg,Stream,0.8091722
XC620793.ogg,Animal,0.81675905
XC633074.ogg,Animal,0.8639929
XC540144.ogg,Silence,1.0
XC619080.ogg,Silence,0.99423486
XC404183.ogg,Silence,0.95220715
XC382468.ogg,Silence,0.9195853
XC404182.ogg,Silence,0.91707957
XC511573.ogg,Animal,0.85160106
XC701894.ogg,Silence,0.86655855
XC602711.ogg,Silence,0.8705714
XC348224.ogg,Silence,0.8232935
XC323986.ogg,Silence,0.93880725
XC823982.ogg,Silence,0.87398684
XC745650.ogg,Water,0.851673
XC842451.ogg,Silence,0.81045973
XC745653.ogg,Water,0.8519291
XC805140.ogg,Silence,0.91028965
XC701895.ogg,Silence,0.8593952
XC507685.ogg,Silence,0.9988618
XC410768.ogg,Stream,0.80352473
XC586663.ogg,Silence,1.0
XC485886.ogg,Animal,0.8414619
XC684993.ogg,Silence,0.8315817
XC382551.ogg,Silence,0.8112897
XC630320.ogg,Silence,0.9806046
XC646315.ogg,Silence,0.84741807
XC678621.ogg,Silence,0.8757837
XC665146.ogg,Silence,0.9025152
XC495891.ogg,Silence,0.90973586
XC638183.ogg,Silence,0.9999998
XC549332.ogg,Silence,0.9425339
XC742548.ogg,Silence,0.9951529
XC384463.ogg,Silence,0.89304996
XC555768.ogg,Silence,0.98694277
XC552847.ogg,Silence,0.85795313
XC646367.ogg,Silence,0.9589028
XC673727.ogg,Silence,1.0
XC672049.ogg,Silence,0.9261339
XC776906.ogg,Silence,0.82604957
XC741306.ogg,Silence,0.82749426
XC680958.ogg,Silence,0.8709084
XC541235.ogg,Silence,0.94174033
XC768106.ogg,Silence,0.80229497
XC670844.ogg,Silence,0.8792216
XC576088.ogg,Silence,0.93887335
XC681332.ogg,Silence,0.88488424
XC697730.ogg,Silence,0.9730332
XC844588.ogg,Silence,0.88504255
XC602860.ogg,Silence,0.9886335
XC384483.ogg,Silence,0.86754036
XC746566.ogg,Silence,0.8797557
XC496050.ogg,Silence,0.8938142
XC836039.ogg,Silence,0.8586889
XC545996.ogg,Silence,0.9227116
XC306076.ogg,Animal,0.8180725
XC546005.ogg,Silence,0.9751145
XC630379.ogg,Silence,1.0
XC786428.ogg,Silence,0.8419092
XC121341.ogg,Animal,0.8558732
XC730953.ogg,Animal,0.8130506
XC745376.ogg,Silence,0.8587546
XC590008.ogg,Silence,0.97362804
XC432978.ogg,Silence,0.8543121
XC823036.ogg,Silence,0.9978149
XC562806.ogg,Silence,0.887123
XC494567.ogg,Silence,0.8958239
XC546670.ogg,Silence,0.86545783
XC855173.ogg,Silence,0.8633935
XC196089.ogg,Silence,0.99986523
XC545304.ogg,Silence,0.98610413
XC779579.ogg,Wild animals,0.85556906
XC116529.ogg,Animal,0.91529834
XC551973.ogg,Animal,0.8757091
XC347935.ogg,Animal,0.8930135
XC540062.ogg,Bird,0.95952064
XC644999.ogg,Animal,0.8568589
XC126749.ogg,Animal,0.8791683
XC433061.ogg,Animal,0.9305269
XC122978.ogg,Animal,0.8828581
XC612006.ogg,Animal,0.90881574
XC643393.ogg,Wild animals,0.86013263
XC388244.ogg,Animal,0.8747868
XC195263.ogg,Animal,0.8091362
XC665777.ogg,Animal,0.8187832
XC183486.ogg,Bird,0.85776335
XC643392.ogg,Animal,0.81058526
XC418572.ogg,Animal,0.8083213
XC116215.ogg,Animal,0.8996256
XC834665.ogg,Animal,0.899711
XC555515.ogg,Bird,0.96379995
XC660403.ogg,Bird,0.9905298
XC787654.ogg,Animal,0.97808886
XC170592.ogg,Animal,0.96332884
XC646902.ogg,Animal,0.8038316
XC643391.ogg,Animal,0.9557706
XC623017.ogg,Bird,0.8570503
XC469358.ogg,Bird,0.97168297
XC321614.ogg,Animal,0.83692724
XC607215.ogg,Animal,0.81445366
XC493118.ogg,Bird,0.8171095
XC541369.ogg,Animal,0.83665895
XC396911.ogg,Bird,0.82400304
XC313092.ogg,Animal,0.89784455
XC723901.ogg,Bird,0.92044365
XC497495.ogg,Animal,0.9908634
XC834666.ogg,Bird,0.8324017
XC293547.ogg,Animal,0.91239256
XC241798.ogg,Animal,0.81572324
XC402240.ogg,Wild animals,0.87414896
XC114915.ogg,Animal,0.987687
XC721355.ogg,Animal,0.858388
XC375649.ogg,Animal,0.8505017
XC571423.ogg,Bird,0.96033084
XC506860.ogg,Animal,0.93181556
XC721373.ogg,Animal,0.8516693
XC788042.ogg,Bird,0.8296251
XC713871.ogg,Wild animals,0.87357974
XC660402.ogg,Bird,0.98920244
XC210478.ogg,Animal,0.8754553
XC461766.ogg,Animal,0.9865768
XC834664.ogg,Animal,0.9484876
XC726459.ogg,Bird,0.82869494
XC191211.ogg,Animal,0.90115625
XC211612.ogg,Animal,0.85291165
XC505058.ogg,Animal,0.9420102
XC195589.ogg,Bird,0.8782759
XC666045.ogg,Animal,0.9356179
XC666044.ogg,Animal,0.8403034
XC779406.ogg,Animal,0.89536285
XC342688.ogg,Animal,0.81340975
XC574862.ogg,Animal,0.8119878
XC659326.ogg,Animal,0.8027564
XC209552.ogg,Insect,0.8289464
XC695515.ogg,Silence,0.9981315
XC459288.ogg,Animal,0.8204464
XC548641.ogg,Silence,0.8271832
XC596960.ogg,Animal,0.88871187
XC568976.ogg,Animal,0.84214234
XC495145.ogg,Silence,0.92842656
XC549260.ogg,Animal,0.8274698
XC626362.ogg,Silence,1.0
XC663210.ogg,Silence,0.8812768
XC110342.ogg,Animal,0.84214765
XC666669.ogg,Silence,0.8897441
XC813151.ogg,Animal,0.8363176
XC666165.ogg,Silence,0.88765144
XC799608.ogg,Animal,0.8163039
XC663040.ogg,Silence,0.8103814
XC670853.ogg,Silence,0.98913145
XC587162.ogg,Silence,0.9999989
XC443763.ogg,Animal,0.86926645
XC544818.ogg,Silence,0.99541354
XC452280.ogg,Silence,0.8220267
XC642159.ogg,Silence,0.96822697
XC640239.ogg,Silence,0.9682488
XC671802.ogg,Silence,0.99926156
XC567753.ogg,Silence,0.99970716
XC609387.ogg,Silence,0.81514955
XC37505.ogg,Animal,0.88146424
XC655468.ogg,Animal,0.93013126
XC648739.ogg,Silence,0.85395044
XC140653.ogg,Animal,0.8754662
XC584981.ogg,Silence,0.90159965
XC419869.ogg,Animal,0.83336794
XC183913.ogg,Animal,0.85657096
XC367221.ogg,Animal,0.8625966
XC795344.ogg,Silence,0.8607737
XC549702.ogg,Silence,0.83924204
XC745877.ogg,Silence,0.98875225
XC723431.ogg,Animal,0.83697313
XC580023.ogg,Silence,0.835896
XC741613.ogg,Silence,0.8654908
XC798164.ogg,Bird,0.9388166
XC655469.ogg,Animal,0.91507626
XC606999.ogg,Animal,0.89137894
XC591078.ogg,Animal,0.96461856
XC337793.ogg,Animal,0.86056817
XC338469.ogg,Animal,0.947443
XC161538.ogg,Animal,0.91295767
XC698357.ogg,Silence,1.0
XC694721.ogg,Silence,0.9172207
XC802569.ogg,Animal,0.8065746
XC552445.ogg,Animal,0.8555606
XC624933.ogg,Silence,0.8609599
XC569701.ogg,Silence,0.93056196
XC496533.ogg,Silence,0.9935204
XC798794.ogg,Silence,0.97283226
XC669073.ogg,Silence,0.8172311
XC663708.ogg,Silence,0.9997846
XC804670.ogg,Silence,0.97806257
XC27064.ogg,Animal,0.81613415
XC666039.ogg,Silence,0.9945366
XC371997.ogg,Animal,0.80454606
XC721216.ogg,Silence,0.99920994
XC636696.ogg,Silence,0.9961366
XC665513.ogg,Silence,0.91457134
XC665628.ogg,Silence,0.9344709
XC552592.ogg,Silence,0.99834365
XC645352.ogg,Silence,0.85759735
XC727049.ogg,Silence,0.8162113
XC342917.ogg,Animal,0.8579786
XC636687.ogg,Silence,0.96376765
XC501606.ogg,Silence,0.9786839
XC422055.ogg,Stream,0.841291
XC585172.ogg,Silence,0.9698067
XC665492.ogg,Silence,0.99979734
XC576451.ogg,Silence,0.9743718
XC665633.ogg,Silence,0.8394031
XC807233.ogg,Silence,0.9699955
XC588799.ogg,Silence,0.85673964
XC319861.ogg,Animal,0.9209432
XC755211.ogg,Silence,0.90718
XC644274.ogg,Silence,0.996558
XC823388.ogg,Silence,0.89447343
XC838141.ogg,Silence,0.9973599
XC655100.ogg,Silence,0.90560555
XC719617.ogg,Silence,0.9995774
XC569862.ogg,Silence,0.8522162
XC638592.ogg,Silence,1.0
XC384170.ogg,Silence,0.85091573
XC801188.ogg,Animal,0.96062636
XC736942.ogg,Silence,0.9003585
XC579712.ogg,Silence,0.87797105
XC649548.ogg,Animal,0.83173233
XC301706.ogg,Animal,0.8305532
XC657057.ogg,Silence,0.86935717
XC627420.ogg,Animal,0.8324514
XC577850.ogg,Wild animals,0.9057323
XC738293.ogg,Silence,0.9556091
XC619081.ogg,Silence,0.97840494
XC206708.ogg,Animal,0.88244504
XC383770.ogg,Animal,0.88795197
XC41378.ogg,Animal,0.8336418
XC362110.ogg,Animal,0.841491
XC802191.ogg,Wild animals,0.81422853
XC741504.ogg,Animal,0.8777363
XC432448.ogg,Bird,0.83054954
XC786449.ogg,Silence,0.8699775
XC630146.ogg,Silence,0.82578385
XC656682.ogg,Animal,0.878998
XC716421.ogg,Silence,0.8696907
XC792064.ogg,Silence,0.9272286
XC633452.ogg,Silence,0.9173558
XC701892.ogg,Silence,0.852909
XC701890.ogg,Silence,0.82296056
XC333855.ogg,Animal,0.8410395
XC371367.ogg,Silence,0.8046842
XC646406.ogg,Bird,0.8723442
XC347398.ogg,Bird,0.9639027
XC567045.ogg,Bird,0.82372963
XC567044.ogg,Bird,0.8344604
XC466294.ogg,Animal,0.9600977
XC466293.ogg,Animal,0.82075715
XC449769.ogg,Animal,0.8017199
XC455222.ogg,Silence,0.8514085
XC455211.ogg,Silence,0.85320616
XC480025.ogg,Silence,0.8160166
XC566528.ogg,Silence,0.9244604
XC675362.ogg,Silence,0.9157697
XC591943.ogg,Silence,0.85902363
XC591886.ogg,Bird,0.90423113
XC739004.ogg,Silence,0.82607704
XC796073.ogg,Silence,0.86905783
XC765889.ogg,Animal,0.81061304
XC411637.ogg,Silence,0.96496755
XC471745.ogg,Animal,0.82392836
XC795837.ogg,Silence,0.82918096
XC586874.ogg,Silence,1.0
XC821160.ogg,Silence,0.98764163
XC465613.ogg,Animal,0.87301046
XC586656.ogg,Silence,0.98216057
XC310618.ogg,Animal,0.90281516
XC469367.ogg,Animal,0.8686326
XC279021.ogg,Animal,0.8460403
XC469365.ogg,Animal,0.80779946
XC469366.ogg,Animal,0.8310999
XC653680.ogg,Animal,0.9522848
XC653681.ogg,Animal,0.930556
XC806760.ogg,Silence,0.8232389
XC324107.ogg,Silence,0.88205403
XC840316.ogg,Animal,0.8277124
XC571244.ogg,Bird,0.8804169
XC641185.ogg,Wild animals,0.81018335
XC454444.ogg,Animal,0.8433666
XC654112.ogg,Animal,0.88593096
XC729378.ogg,Bird,0.965522
XC578210.ogg,Animal,0.8551705
XC364247.ogg,Animal,0.9452198
XC570604.ogg,Bird,0.85881126
XC150410.ogg,Animal,0.8499804
XC627130.ogg,Animal,0.9178993
XC243556.ogg,Animal,0.81450355
XC185030.ogg,Animal,0.8709833
XC670181.ogg,Animal,0.9317
XC569675.ogg,Bird,0.84658134
XC463029.ogg,Animal,0.88922566
XC391822.ogg,Animal,0.9094726
XC794453.ogg,Animal,0.9631677
XC137666.ogg,Bird,0.8670345
XC741816.ogg,Animal,0.9083213
XC805403.ogg,Bird,0.830143
XC353517.ogg,Animal,0.94718605
XC317103.ogg,Animal,0.85627073
XC571250.ogg,Animal,0.8002169
XC342565.ogg,Silence,0.88360155
XC793797.ogg,Silence,0.96631914
XC546263.ogg,Animal,0.84448344
XC568488.ogg,Bird,0.8384651
XC741688.ogg,Animal,0.8181098
XC468459.ogg,Animal,0.8195047
XC506886.ogg,Wild animals,0.8202506
XC669435.ogg,Animal,0.91039973
XC659812.ogg,Bird,0.8745866
XC539455.ogg,Bird,0.88924897
XC383292.ogg,Animal,0.8469764
XC791003.ogg,Silence,0.98123527
XC327006.ogg,Animal,0.94650537
XC527803.ogg,Animal,0.89057547
XC344330.ogg,Bird,0.95393515
XC324840.ogg,Animal,0.92088497
XC842414.ogg,Animal,0.85554546
XC326667.ogg,Animal,0.90959734
XC741687.ogg,Animal,0.9481565
XC840016.ogg,Bird,0.8662864
XC554478.ogg,Animal,0.8268217
XC25678.ogg,Animal,0.81923956
XC695474.ogg,Animal,0.80155736
XC324458.ogg,Bird,0.93419385
XC617108.ogg,Animal,0.9228772
XC484775.ogg,Animal,0.8271289
XC815109.ogg,Animal,0.85585123
XC791243.ogg,Bird,0.8866656
XC521289.ogg,Wild animals,0.8322656
XC243568.ogg,Animal,0.84775674
XC168578.ogg,Animal,0.9419136
XC541445.ogg,Wild animals,0.82636994
XC297280.ogg,Animal,0.802555
XC112647.ogg,Animal,0.9140321
XC627467.ogg,Animal,0.82580405
XC511607.ogg,Bird,0.9264709
XC326991.ogg,Animal,0.9477381
XC326996.ogg,Animal,0.8673118
XC326674.ogg,Animal,0.93701535
XC132427.ogg,Animal,0.826195
XC470472.ogg,Animal,0.9505445
XC173553.ogg,Animal,0.86743206
XC835060.ogg,Animal,0.8669399
XC233933.ogg,Animal,0.92935956
XC326655.ogg,Animal,0.94511604
XC326670.ogg,Bird,0.8945897
XC631407.ogg,Animal,0.9035095
XC783284.ogg,Animal,0.9270775
XC327003.ogg,Bird,0.89518493
XC837396.ogg,Animal,0.9214282
XC302911.ogg,Animal,0.9342839
XC501187.ogg,Animal,0.89489263
XC752631.ogg,Animal,0.8005502
XC557255.ogg,Bird,0.93098
XC443452.ogg,Animal,0.8942884
XC326659.ogg,Animal,0.95346874
XC564822.ogg,Bird,0.83193016
XC698874.ogg,Animal,0.9648778
XC358134.ogg,Animal,0.8027325
XC509499.ogg,Animal,0.86868393
XC553546.ogg,Animal,0.8122982
XC139186.ogg,Bird,0.9417254
XC326676.ogg,Bird,0.9003652
XC641193.ogg,Bird,0.90213275
XC326675.ogg,Animal,0.93700135
XC263216.ogg,Animal,0.80191624
XC557928.ogg,Animal,0.8520428
XC457157.ogg,Animal,0.844838
XC344306.ogg,Bird,0.80925345
XC326664.ogg,Bird,0.87023264
XC811634.ogg,Bird,0.9820798
XC659845.ogg,Bird,0.90378124
XC150123.ogg,Animal,0.89801836
XC392064.ogg,Animal,0.8079578
XC487971.ogg,Animal,0.84451973
XC377927.ogg,Bird,0.8920145
XC355153.ogg,Bird,0.80014557
XC704641.ogg,Bird,0.8967436
XC748534.ogg,Animal,0.89487547
XC539472.ogg,Animal,0.84284943
XC563976.ogg,Animal,0.87158805
XC327587.ogg,Silence,0.83795714
XC570602.ogg,Wild animals,0.93401986
XC558467.ogg,Bird,0.87213033
XC555425.ogg,Animal,0.8394364
XC779583.ogg,Animal,0.8077872
XC37600.ogg,Animal,0.80973965
XC828499.ogg,Silence,0.8731504
XC198481.ogg,Animal,0.80364823
XC585396.ogg,Animal,0.9772582
XC657073.ogg,Silence,0.9430973
XC738296.ogg,Silence,0.93448555
XC263345.ogg,Animal,0.80152863
XC736581.ogg,Silence,0.80920553
XC624779.ogg,Silence,0.8113396
XC722435.ogg,Animal,0.94834745
XC761904.ogg,Bird,0.88024753
XC390754.ogg,Wild animals,0.8594544
XC267076.ogg,Animal,0.83543086
XC292609.ogg,Animal,0.893836
XC632290.ogg,Animal,0.86793697
XC683316.ogg,Animal,0.95593625
XC511722.ogg,Animal,0.8846145
XC775132.ogg,Animal,0.81175876
XC162999.ogg,Animal,0.8849777
XC661272.ogg,Bird,0.8462186
XC721636.ogg,Animal,0.94865566
XC619541.ogg,Animal,0.9659453
XC722436.ogg,Wild animals,0.94649506
XC150862.ogg,Animal,0.81068975
XC756452.ogg,Animal,0.91496515
XC296442.ogg,Bird,0.87286735
XC126809.ogg,Animal,0.8081961
XC29579.ogg,Bird,0.8431093
XC653115.ogg,Animal,0.907778
XC283502.ogg,Animal,0.83328456
XC701168.ogg,Bird,0.81650954
XC653406.ogg,Bird,0.94370043
XC423067.ogg,Wild animals,0.96755624
XC721637.ogg,Wild animals,0.94530135
XC670154.ogg,Animal,0.8125403
XC806822.ogg,Animal,0.8548768
XC610968.ogg,Animal,0.8306014
XC358257.ogg,Animal,0.8808325
XC439711.ogg,Animal,0.86101574
XC379681.ogg,Animal,0.8037788
XC634767.ogg,Wild animals,0.85661703
XC498031.ogg,Silence,0.81965864
XC564139.ogg,Animal,0.94368595
XC417464.ogg,Animal,0.8101937
XC728313.ogg,Animal,0.9067286
XC482943.ogg,Animal,0.8086285
XC627035.ogg,Animal,0.84540206
XC417467.ogg,Animal,0.87327033
XC564138.ogg,Animal,0.9592084
XC116615.ogg,Animal,0.85376805
XC565100.ogg,Animal,0.9661458
XC450776.ogg,Silence,0.87228936
XC857047.ogg,Animal,0.8380601
XC743747.ogg,Silence,0.8174481
XC464113.ogg,Animal,0.8169492
XC572641.ogg,Animal,0.83215815
XC559857.ogg,Silence,0.99999934
XC554313.ogg,Silence,0.9964128
XC665237.ogg,Silence,0.87241536
XC642235.ogg,Silence,0.99770343
XC796414.ogg,Silence,0.835834
XC565371.ogg,Silence,0.9999415
XC784241.ogg,Silence,1.0
XC783377.ogg,Silence,1.0
XC664025.ogg,Silence,0.9145612
XC625695.ogg,Silence,0.9769162
XC552155.ogg,Silence,0.9944461
XC636770.ogg,Silence,0.9993087
XC638709.ogg,Silence,0.9259366
XC788483.ogg,Silence,0.8902193
XC738321.ogg,Silence,0.80707467
XC625072.ogg,Silence,1.0
XC420422.ogg,Silence,0.84275717
XC624657.ogg,Silence,1.0
XC689271.ogg,Silence,0.95417607
XC505367.ogg,Silence,0.99879515
XC554320.ogg,Silence,0.97251827
XC706260.ogg,Silence,1.0
XC663486.ogg,Silence,0.9152479
XC805169.ogg,Silence,0.90083736
XC459392.ogg,Silence,0.82612544
XC631208.ogg,Silence,0.9992872
XC857946.ogg,Insect,0.82813007
XC473807.ogg,Silence,0.9778432
XC494178.ogg,Silence,0.9934787
XC554664.ogg,Silence,1.0
XC455675.ogg,Silence,0.9960473
XC744323.ogg,Silence,0.93422467
XC701914.ogg,Insect,0.8314692
XC482669.ogg,Silence,0.8111259
XC555746.ogg,Silence,0.9999984
XC649853.ogg,Animal,0.83078974
XC542564.ogg,Silence,1.0
XC642822.ogg,Silence,1.0
XC553532.ogg,Silence,0.97899914
XC639809.ogg,Silence,0.8519538
XC653087.ogg,Silence,0.9576259
XC635363.ogg,Silence,0.8504479
XC801546.ogg,Animal,0.8765858
XC327543.ogg,Animal,0.86515886
XC688676.ogg,Animal,0.82345617
XC744493.ogg,Silence,0.90464175
XC569295.ogg,Silence,0.80354786
XC383367.ogg,Silence,0.8220152
XC653234.ogg,Silence,0.99955213
XC722275.ogg,Animal,0.84243673
XC559879.ogg,Silence,0.9714873
XC579404.ogg,Silence,0.8732059
XC745652.ogg,Silence,0.8894801
XC411000.ogg,Animal,0.8426216
XC641445.ogg,Silence,0.99405634
XC573561.ogg,Silence,0.847147
XC797739.ogg,Silence,0.8423454
XC646309.ogg,Silence,0.8335791
XC587064.ogg,Silence,0.986313
XC564761.ogg,Silence,0.9958054
XC142369.ogg,Silence,0.9546572
XC716693.ogg,Silence,0.99871665
XC459291.ogg,Animal,0.83346915
XC348243.ogg,Silence,0.8146462
XC688957.ogg,Animal,0.800541
XC680468.ogg,Animal,0.8288229
XC267022.ogg,Animal,0.8048614
XC844372.ogg,Animal,0.83668315
XC844371.ogg,Animal,0.81215346
XC831369.ogg,Animal,0.8277701
XC855829.ogg,Animal,0.81190705
XC209349.ogg,Animal,0.8187127
XC737595.ogg,Silence,0.9654315
XC699224.ogg,Silence,0.94625187
XC692348.ogg,Wild animals,0.86547273
XC827045.ogg,Silence,0.81285226
XC677955.ogg,Silence,0.80698174
XC829207.ogg,Silence,0.99772626
XC298035.ogg,Silence,0.99950993
XC560714.ogg,Bird,0.9169291
XC639350.ogg,Stream,0.826867
XC824564.ogg,Silence,0.82784635
XC498753.ogg,Silence,0.9635705
XC506216.ogg,Silence,0.9035597
XC677956.ogg,Silence,0.8699244
XC538943.ogg,Animal,0.84964746
XC598257.ogg,Animal,0.85735524
XC611884.ogg,Silence,0.9465525
XC381843.ogg,Animal,0.8088689
XC836541.ogg,Silence,0.92474747
XC502938.ogg,Silence,0.9191421
XC587765.ogg,Animal,0.83471936
XC565476.ogg,Animal,0.8285738
XC538941.ogg,Animal,0.8384609
XC406116.ogg,Animal,0.8648852
XC164028.ogg,Animal,0.808763
XC670334.ogg,Animal,0.8301578
XC190813.ogg,Animal,0.8319342
XC545205.ogg,Silence,0.8673038
XC444696.ogg,Animal,0.8250613
XC267098.ogg,Animal,0.84175205
XC834660.ogg,Animal,0.89123255
XC686234.ogg,Animal,0.9200135
XC356655.ogg,Animal,0.9731816
XC859312.ogg,Bird,0.87317073
XC844653.ogg,Animal,0.80680823
XC234693.ogg,Animal,0.8834968
XC606960.ogg,Animal,0.8706343
XC559665.ogg,Animal,0.89941067
XC646845.ogg,Animal,0.82644886
XC652617.ogg,Wild animals,0.91437334
XC498841.ogg,Animal,0.85453254
XC804374.ogg,Animal,0.8030704
XC834657.ogg,Animal,0.8162724
XC498840.ogg,Animal,0.8542524
XC839170.ogg,Animal,0.8607792
XC534225.ogg,Animal,0.88150066
XC842681.ogg,Bird,0.82364583
XC399008.ogg,Animal,0.80322206
XC142753.ogg,Animal,0.90734226
XC787922.ogg,Animal,0.89317137
XC722668.ogg,Animal,0.9283735
XC715950.ogg,Wild animals,0.90761596
XC606958.ogg,Animal,0.8042478
XC266782.ogg,Silence,0.9535199
XC266682.ogg,Silence,0.95556086
XC215267.ogg,Silence,0.8241956
XC416102.ogg,Animal,0.8375989
XC662749.ogg,Silence,0.8681205
XC350474.ogg,Animal,0.8443296
XC817794.ogg,Silence,0.8137681
XC248039.ogg,Animal,0.82385844
XC480854.ogg,Wild animals,0.839214
XC446039.ogg,Silence,0.94816464
XC320447.ogg,Silence,0.8736586
XC834433.ogg,Animal,0.8688047
XC651670.ogg,Animal,0.9087674
XC750945.ogg,Silence,0.9749973
XC791231.ogg,Silence,0.8143203
XC673850.ogg,Silence,0.8331797
XC320446.ogg,Silence,0.85761815
XC319189.ogg,Silence,0.812053
XC329167.ogg,Silence,0.83681524
XC855534.ogg,Animal,0.9292535
XC312261.ogg,Animal,0.8891313
XC410375.ogg,Animal,0.853593
XC496054.ogg,Bird,0.96960336
XC187069.ogg,Animal,0.8995128
XC188309.ogg,Animal,0.9011316
XC360365.ogg,Silence,0.816342
XC360364.ogg,Silence,0.8913648
XC744709.ogg,Animal,0.80443513
XC324585.ogg,Silence,0.85194963
XC743658.ogg,Silence,0.8700194
XC826276.ogg,Crow,0.8198664
XC453302.ogg,Silence,0.9647246
XC329259.ogg,Animal,0.831457
XC405069.ogg,Animal,0.8766291
XC842684.ogg,Wild animals,0.89884865
XC818183.ogg,Animal,0.82874167
XC637258.ogg,Animal,0.82519865
XC150835.ogg,Wild animals,0.82249236
XC321608.ogg,Animal,0.85074615
XC493577.ogg,Silence,0.8559474
XC195513.ogg,Silence,0.9231451
XC550582.ogg,Silence,0.9253321
XC543468.ogg,Silence,0.96672285
XC659411.ogg,Silence,0.85887545
XC542153.ogg,Silence,1.0
XC555678.ogg,Silence,0.9088828
XC564846.ogg,Silence,0.9867309
XC376311.ogg,Silence,0.9384257
XC605735.ogg,Silence,0.9922211
XC671619.ogg,Silence,0.93612045
XC572833.ogg,Silence,0.9986462
XC784972.ogg,Silence,0.9306357
XC762368.ogg,Silence,0.96052045
XC509469.ogg,Silence,0.80124027
XC551196.ogg,Silence,0.9994403
XC665151.ogg,Silence,0.99994403
XC551981.ogg,Silence,0.9999999
XC268821.ogg,Water,0.87124795
XC655270.ogg,Silence,0.92944396
XC747798.ogg,Silence,0.8552771
XC538087.ogg,Silence,0.99915093
XC829464.ogg,Silence,0.9544409
XC584151.ogg,Silence,0.8671062
XC542993.ogg,Silence,0.87822974
XC671636.ogg,Silence,0.9673653
XC653411.ogg,Silence,0.8543371
XC536417.ogg,Silence,0.9893076
XC748330.ogg,Silence,0.9813692
XC639193.ogg,Silence,0.9438694
XC637010.ogg,Silence,0.91187596
XC681995.ogg,Silence,0.92581326
XC755591.ogg,Silence,0.83414716
XC565096.ogg,Silence,0.9370995
XC725328.ogg,Silence,0.8533374
XC792380.ogg,Silence,0.8276939
XC724173.ogg,Silence,0.8599975
XC728181.ogg,Animal,0.820386
XC647845.ogg,Animal,0.80492985
XC608282.ogg,Animal,0.870499
XC184466.ogg,Animal,0.8243568
XC644599.ogg,Bird,0.81823444
XC565576.ogg,Animal,0.83258384
XC401916.ogg,Animal,0.849214
XC471730.ogg,Frog,0.89106303
XC841458.ogg,Silence,0.8268131
XC857970.ogg,Insect,0.92664886
XC644624.ogg,Animal,0.9556097
XC799979.ogg,Animal,0.8837757
XC800969.ogg,Animal,0.88689995
XC110316.ogg,Animal,0.8932967
XC647847.ogg,Animal,0.8494696
XC342908.ogg,Animal,0.8739402
XC696445.ogg,Animal,0.9043404
XC64711.ogg,Animal,0.8882557
XC310586.ogg,Bird,0.8931769
XC717335.ogg,Silence,0.80767375
XC800595.ogg,Animal,0.9112201
XC314265.ogg,Animal,0.82800347
XC814623.ogg,Animal,0.9026203
XC589047.ogg,Silence,0.8420611
XC478806.ogg,Silence,0.9200381
XC740483.ogg,Silence,0.88449246
XC715781.ogg,Animal,0.8975777
XC481808.ogg,Animal,0.810829
XC496527.ogg,Silence,0.94225645
XC494203.ogg,Silence,0.81437933
XC724209.ogg,Silence,0.8548302
XC544803.ogg,Silence,0.99661225
XC808858.ogg,Animal,0.83770156
XC749070.ogg,Silence,0.8127414
XC814873.ogg,Bird,0.9494582
XC641316.ogg,Animal,0.95230114
XC469969.ogg,Silence,0.9591544
XC269586.ogg,Animal,0.8418019
XC114323.ogg,Animal,0.8138863
XC73270.ogg,Animal,0.8441851
XC116707.ogg,Wild animals,0.8743236
XC700263.ogg,Animal,0.8421284
XC665640.ogg,Animal,0.82018656
XC615935.ogg,Wild animals,0.9338204
XC531693.ogg,Silence,0.88421917
XC116632.ogg,Bird,0.82921463
XC805701.ogg,Silence,0.8101337
XC19710.ogg,Wild animals,0.8726099
XC215868.ogg,Bird,0.8763481
XC653540.ogg,Animal,0.8237538
XC181775.ogg,Animal,0.82401115
XC120472.ogg,Animal,0.8000148
XC732838.ogg,Animal,0.80957246
XC420683.ogg,Bird,0.8160674
XC183818.ogg,Animal,0.80124885
XC567196.ogg,Animal,0.87571615
XC568623.ogg,Wild animals,0.90923727
XC657259.ogg,Animal,0.87783974
XC656466.ogg,Bird,0.8569
XC480512.ogg,Animal,0.8255608
XC568123.ogg,Animal,0.868125
XC375554.ogg,Wild animals,0.81503624
XC145208.ogg,Bird,0.8240838
XC477893.ogg,Animal,0.8863423
XC659070.ogg,Bird,0.81286305
XC183626.ogg,Animal,0.86423385
XC659273.ogg,Animal,0.835958
XC730626.ogg,Animal,0.84558606
XC19604.ogg,Animal,0.91498
XC182596.ogg,Animal,0.83396834
XC732230.ogg,Wild animals,0.9138615
XC480406.ogg,Bird,0.86479264
XC810324.ogg,Silence,0.92343146
XC733119.ogg,Animal,0.838565
XC562320.ogg,Animal,0.894483
XC656265.ogg,Animal,0.8387838
XC343189.ogg,Bird,0.8974473
XC180070.ogg,Animal,0.81480336
XC183638.ogg,Animal,0.8854595
XC567264.ogg,Animal,0.87600815
XC825876.ogg,Animal,0.9322332
XC654212.ogg,Bird,0.8112343
XC26902.ogg,Animal,0.84701616
XC214083.ogg,Wild animals,0.80844384
XC807160.ogg,Animal,0.82640606
XC560255.ogg,Animal,0.8699992
XC842252.ogg,Animal,0.8704983
XC826057.ogg,Animal,0.8279169
XC807127.ogg,Bird,0.8664562
XC571226.ogg,Silence,0.94093746
XC180592.ogg,Animal,0.8282371
XC656260.ogg,Animal,0.81568563
XC567058.ogg,Silence,0.8804255
XC418830.ogg,Bird,0.8380537
XC655922.ogg,Wild animals,0.82024056
XC371878.ogg,Animal,0.82686317
XC569092.ogg,Animal,0.8215322
XC113371.ogg,Animal,0.8403489
XC376441.ogg,Wild animals,0.81203854
XC422335.ogg,Animal,0.8102094
XC563496.ogg,Animal,0.8856515
XC507769.ogg,Bird,0.86481404
XC478106.ogg,Animal,0.93883526
XC656128.ogg,Animal,0.85367566
XC734348.ogg,Animal,0.8269245
XC807926.ogg,Animal,0.9320312
XC568971.ogg,Animal,0.8622306
XC519731.ogg,Animal,0.80881536
XC477185.ogg,Bird,0.8763823
XC252526.ogg,Bird,0.8924287
XC192132.ogg,Animal,0.8466283
XC482923.ogg,Animal,0.80083275
XC479136.ogg,Bird,0.82123566
XC562700.ogg,Animal,0.8105251
XC232979.ogg,Bird,0.8849058
XC478413.ogg,Animal,0.88136333
XC480609.ogg,Animal,0.8858128
XC158483.ogg,Animal,0.8204858
XC568624.ogg,Bird,0.80198914
XC391853.ogg,Animal,0.8112458
XC134718.ogg,Animal,0.81009114
XC376503.ogg,Bird,0.87959605
XC568285.ogg,Silence,0.9609456
XC656266.ogg,Animal,0.854758
XC566108.ogg,Animal,0.8538744
XC826787.ogg,Animal,0.8087145
XC234437.ogg,Animal,0.8633436
XC656264.ogg,Bird,0.8594298
XC826060.ogg,Animal,0.83775836
XC656447.ogg,Bird,0.80088633
XC347280.ogg,Animal,0.9460181
XC656263.ogg,Animal,0.8793869
XC345787.ogg,Animal,0.8411524
XC564086.ogg,Animal,0.8670608
XC466292.ogg,Animal,0.86283255
XC568493.ogg,Bird,0.81186527
XC654585.ogg,Animal,0.8432004
XC569635.ogg,Animal,0.8924816
XC118223.ogg,Animal,0.8289386
XC560250.ogg,Animal,0.8398036
XC655703.ogg,Animal,0.87791204
XC803898.ogg,Bird,0.8478039
XC441599.ogg,Animal,0.8345876
XC338752.ogg,Animal,0.84506214
XC143757.ogg,Silence,0.987696
XC464124.ogg,Animal,0.8749309
XC647281.ogg,Animal,0.81435525
XC647278.ogg,Animal,0.87164295
XC534370.ogg,Silence,0.8135747
XC622708.ogg,Silence,0.9438937
XC237415.ogg,Bird,0.8096146
XC457301.ogg,Silence,0.9679723
XC436342.ogg,Animal,0.810322
XC635854.ogg,Silence,0.9610165
XC459931.ogg,Silence,0.8579502
XC472504.ogg,Wild animals,0.8991781
XC815405.ogg,Silence,0.95716065
XC436727.ogg,Animal,0.82053643
XC317080.ogg,Silence,0.8734748
XC549372.ogg,Silence,0.9942409
XC698956.ogg,Animal,0.851789
XC617644.ogg,Silence,0.9255348
XC804457.ogg,Silence,0.8986407
XC310261.ogg,Silence,0.9999962
XC681129.ogg,Crow,0.80366284
XC646386.ogg,Silence,0.91593736
XC664642.ogg,Silence,0.993042
XC411641.ogg,Silence,0.875942
XC469971.ogg,Silence,0.81615466
XC785527.ogg,Animal,0.8138235
XC631206.ogg,Silence,1.0
XC542996.ogg,Silence,0.8040587
XC741573.ogg,Silence,0.9895542
XC425077.ogg,Animal,0.8120572
XC795128.ogg,Silence,0.9742995
XC838139.ogg,Silence,0.9829714
XC785529.ogg,Animal,0.82609916
XC644750.ogg,Silence,0.83307445
XC636748.ogg,Silence,0.9998647
XC554085.ogg,Silence,0.9997077
XC643997.ogg,Silence,0.8595982
XC725528.ogg,Silence,0.8970662
XC663687.ogg,Silence,0.9875884
XC383371.ogg,Silence,0.8038635
XC679028.ogg,Silence,0.82249767
XC507422.ogg,Silence,0.9914837
XC819469.ogg,Silence,0.820237
XC635498.ogg,Silence,0.9893089
XC801547.ogg,Animal,0.8131578
XC552662.ogg,Silence,0.8527001
XC664519.ogg,Silence,0.9366684
XC666573.ogg,Silence,0.99472034
XC841444.ogg,Silence,0.8727681
XC638589.ogg,Silence,1.0
XC838140.ogg,Silence,0.98738205
XC526231.ogg,Bird,0.82559407
XC376958.ogg,Animal,0.88447696
XC765774.ogg,Animal,0.8580814
XC726147.ogg,Silence,0.8280205
XC536381.ogg,Silence,0.9825063
XC765900.ogg,Animal,0.8103423
XC688795.ogg,Animal,0.8335228
XC376960.ogg,Animal,0.8395015
XC408103.ogg,Silence,1.0
XC806907.ogg,Silence,0.80355734
XC709292.ogg,Silence,0.87717944
XC548415.ogg,Silence,0.99982584
XC787841.ogg,Silence,0.8778244
XC542528.ogg,Silence,0.9772687
XC724105.ogg,Silence,0.9971818
XC796553.ogg,Silence,0.8337495
XC794611.ogg,Animal,0.8063347
XC719703.ogg,Silence,0.84676874
XC641446.ogg,Silence,0.95586735
XC625645.ogg,Silence,0.99944836
XC596853.ogg,Silence,0.86578685
XC636716.ogg,Silence,0.98305094
XC774674.ogg,Silence,0.800598
XC554640.ogg,Silence,0.99999446
XC496744.ogg,Silence,0.9178203
XC651220.ogg,Animal,0.8380398
XC710820.ogg,Silence,0.80505097
XC554082.ogg,Silence,0.8796131
XC637561.ogg,Silence,0.8127073
XC678521.ogg,Animal,0.87481266
XC384481.ogg,Silence,0.8408989
XC808756.ogg,Silence,0.8516505
XC624812.ogg,Silence,1.0
XC624824.ogg,Silence,0.95923525
XC687009.ogg,Silence,0.9094018
XC697400.ogg,Animal,0.8069645
XC483692.ogg,Animal,0.89819103
XC645347.ogg,Silence,0.86448425
XC551713.ogg,Silence,0.9961759
XC546006.ogg,Silence,1.0
XC552660.ogg,Silence,0.8686303
XC469908.ogg,Silence,0.90075964
XC550201.ogg,Silence,0.853193
XC630622.ogg,Silence,0.8234951
XC404202.ogg,Silence,0.8335901
XC305513.ogg,Animal,0.81346244
XC786973.ogg,Animal,0.87169063
XC681117.ogg,Animal,0.83275187
XC617637.ogg,Silence,0.8571145
XC817795.ogg,Silence,0.90591407
XC735991.ogg,Silence,0.88746977
XC835578.ogg,Silence,0.85591507
XC806590.ogg,Silence,0.8189652
XC163408.ogg,Wild animals,0.8756971
XC666537.ogg,Silence,0.89813125
XC817793.ogg,Silence,0.922182
XC169607.ogg,Animal,0.83241045
XC806754.ogg,Silence,0.8559317
XC603640.ogg,Bird,0.8471713
XC817792.ogg,Silence,0.89295334
XC533877.ogg,Silence,0.8624781
XC246719.ogg,Animal,0.9005954
XC533876.ogg,Silence,0.877287
XC377338.ogg,Wild animals,0.80055475
XC346190.ogg,Wild animals,0.88227046
XC779883.ogg,Animal,0.81762755
XC777209.ogg,Animal,0.91270834
XC807373.ogg,Silence,0.9470672
XC408714.ogg,Silence,0.8661962
XC636547.ogg,Silence,0.8503995
XC571756.ogg,Silence,0.91669774
XC550817.ogg,Silence,0.9966671
XC639676.ogg,Silence,0.9817252
XC626225.ogg,Silence,0.95479333
XC726959.ogg,Silence,0.8434
XC796579.ogg,Silence,0.9782216
XC628931.ogg,Silence,1.0
XC549758.ogg,Silence,0.80460376
XC637379.ogg,Silence,0.93233836
XC536436.ogg,Silence,0.99995404
XC584028.ogg,Silence,0.9120089
XC549719.ogg,Silence,0.9999917
XC652498.ogg,Silence,0.9726478
XC637465.ogg,Silence,1.0
XC541951.ogg,Silence,0.99996614
XC540840.ogg,Silence,0.81553304
XC776228.ogg,Silence,0.9475676
XC631483.ogg,Silence,0.92165595
XC543508.ogg,Silence,0.8786926
XC794123.ogg,Silence,1.0
XC296278.ogg,Animal,0.88373286
XC739282.ogg,Silence,0.8275405
XC731738.ogg,Animal,0.8130952
XC310844.ogg,Silence,0.9951345
XC709569.ogg,Silence,0.8938066
XC663631.ogg,Silence,0.85725147
XC548701.ogg,Silence,0.8398855
XC632839.ogg,Silence,0.82417864
XC678060.ogg,Silence,0.9500648
XC534756.ogg,Animal,0.81887805
XC552008.ogg,Silence,0.9946631
XC667946.ogg,Animal,0.8824768
XC776233.ogg,Silence,0.8362884
XC637461.ogg,Silence,0.9999588
XC761901.ogg,Wild animals,0.85716194
XC165985.ogg,Wild animals,0.8489477
XC786580.ogg,Animal,0.800579
XC769798.ogg,Silence,0.9906451
XC197749.ogg,Animal,0.84100986
XC466299.ogg,Animal,0.92712367
XC442347.ogg,Animal,0.81571215
XC642817.ogg,Bird,0.8115433
XC620440.ogg,Silence,0.8911696
XC783620.ogg,Silence,0.94297004
XC190748.ogg,Silence,0.8018403
XC588927.ogg,Animal,0.82719034
XC546353.ogg,Wild animals,0.8550782
XC690698.ogg,Animal,0.8936212
XC733108.ogg,Animal,0.9936249
XC667381.ogg,Wild animals,0.8070071
XC754768.ogg,Animal,0.8638536
XC190865.ogg,Animal,0.8146663
XC169762.ogg,Animal,0.84334743
XC207664.ogg,Wild animals,0.82790726
XC724126.ogg,Bird,0.8775827
XC151218.ogg,Animal,0.8599058
XC839539.ogg,Silence,0.9021108
XC514817.ogg,Animal,0.8205716
XC483889.ogg,Silence,0.8126365
XC73019.ogg,Animal,0.8489241
XC568704.ogg,Animal,0.91978544
XC441384.ogg,Animal,0.816775
XC657869.ogg,Animal,0.89525974
XC214126.ogg,Animal,0.8798981
XC402041.ogg,Silence,0.9421547
XC788229.ogg,Animal,0.8471564
XC267073.ogg,Wild animals,0.825507
XC754295.ogg,Animal,0.83202446
XC754296.ogg,Animal,0.8972174
XC598048.ogg,Animal,0.852469
XC425034.ogg,Animal,0.84801626
XC754290.ogg,Animal,0.8266596
XC615777.ogg,Silence,0.9694482
XC615774.ogg,Silence,0.892384
XC797014.ogg,Animal,0.93143284
XC598637.ogg,Animal,0.88567007
XC665311.ogg,Animal,0.8161045
XC553489.ogg,Wild animals,0.8995447
XC240449.ogg,Animal,0.8570956
XC621033.ogg,Animal,0.90506893
XC236712.ogg,Animal,0.8661231
XC619484.ogg,Silence,0.9978202
XC454347.ogg,Animal,0.8023229
XC267352.ogg,Animal,0.8750481
XC604550.ogg,Wild animals,0.812316
XC19830.ogg,Animal,0.88553274
XC665708.ogg,Wild animals,0.8785007
XC777664.ogg,Animal,0.8805067
XC313104.ogg,Bird,0.82854325
XC453728.ogg,Wild animals,0.81879085
XC687325.ogg,Bird,0.8581001
XC357594.ogg,Animal,0.91013753
XC513477.ogg,Wild animals,0.85753757
XC856057.ogg,Bird,0.91378164
XC511045.ogg,Animal,0.93509704
XC528980.ogg,Animal,0.9734945
XC124393.ogg,Animal,0.8007114
XC454341.ogg,Animal,0.9230332
XC528979.ogg,Animal,0.9252726
XC635411.ogg,Animal,0.8909131
XC513476.ogg,Bird,0.8565721
XC74154.ogg,Animal,0.81531906
XC804342.ogg,Bird,0.8037909
XC704441.ogg,Wild animals,0.8330199
XC240264.ogg,Silence,0.9006599
XC133770.ogg,Frog,0.8354856
XC515835.ogg,"Bird vocalization, bird call, bird song",0.81480277
XC517388.ogg,Animal,0.898298
XC397810.ogg,Silence,0.9968257
XC397811.ogg,Silence,0.9872161
XC156887.ogg,Animal,0.81620955
XC515892.ogg,Animal,0.98130214
XC515831.ogg,Wild animals,0.8329336
XC855531.ogg,Animal,0.9273701
XC517391.ogg,Animal,0.9578652
XC282964.ogg,Animal,0.8153549
XC190977.ogg,Animal,0.9016484
XC515901.ogg,Wild animals,0.8334798
XC854785.ogg,Animal,0.89009994
XC515829.ogg,Animal,0.82438457
XC601791.ogg,Bird,0.96376
XC341770.ogg,Animal,0.90320915
XC515895.ogg,Animal,0.8525996
XC369952.ogg,Animal,0.8789117
XC773231.ogg,Silence,1.0
XC510520.ogg,Silence,0.98619616
XC436746.ogg,Silence,0.8718029
XC355111.ogg,Silence,0.9447974
XC779878.ogg,Animal,0.86974007
XC741389.ogg,Animal,0.80209744
XC336408.ogg,Animal,0.93031824
XC779879.ogg,Bird,0.9477617
XC309754.ogg,Animal,0.8526623
XC195520.ogg,Silence,0.94017863
XC73961.ogg,Animal,0.8096138
XC467531.ogg,Animal,0.8638544
XC196005.ogg,Silence,0.84474903
XC574741.ogg,Animal,0.8057313
XC358403.ogg,Silence,0.83527887
XC779383.ogg,Animal,0.8470713
XC529870.ogg,Silence,0.88536537
XC190711.ogg,Silence,0.83813393
XC637309.ogg,Animal,0.9059274
XC523320.ogg,Silence,0.83248216
XC116901.ogg,Animal,0.8077825
XC454372.ogg,Silence,0.81854486
XC819819.ogg,Animal,0.82149684
XC674253.ogg,Animal,0.8242328
XC764145.ogg,Animal,0.95024824
XC496522.ogg,Silence,0.8807721
XC303618.ogg,Animal,0.80853474
XC469948.ogg,Animal,0.90508115
XC636201.ogg,Animal,0.88522685
XC587773.ogg,Animal,0.91708416
XC142977.ogg,Wild animals,0.8730658
XC317626.ogg,Animal,0.83926743
XC728300.ogg,Animal,0.8279015
XC672484.ogg,Silence,0.97898793
XC740629.ogg,Animal,0.8146373
XC468456.ogg,Animal,0.8643719
XC604917.ogg,Animal,0.8082144
XC476498.ogg,Animal,0.8479283
XC344095.ogg,Animal,0.8332367
XC602949.ogg,Animal,0.8373646
XC253349.ogg,Bird,0.9102186
XC208292.ogg,Animal,0.87295264
XC721814.ogg,Animal,0.81179386
XC558788.ogg,Animal,0.86380965
XC435493.ogg,Animal,0.84792346
XC471775.ogg,Animal,0.8672031
XC721711.ogg,Silence,0.84259886
XC364681.ogg,Bird,0.8282393
XC560258.ogg,Animal,0.84711283
XC321212.ogg,Animal,0.80119234
XC770375.ogg,Wild animals,0.8539214
XC667927.ogg,Animal,0.8255017
XC363996.ogg,Animal,0.9072073
XC667239.ogg,Bird,0.8093305
XC664977.ogg,Animal,0.8559287
XC575358.ogg,Wild animals,0.9385379
XC320267.ogg,Animal,0.8655218
XC412707.ogg,Animal,0.82654274
XC584277.ogg,Animal,0.87481856
XC458633.ogg,Wild animals,0.825199
XC418145.ogg,Animal,0.9494825
XC664995.ogg,Animal,0.8171992
XC798895.ogg,Wild animals,0.91240805
XC649964.ogg,Animal,0.8007879
XC664979.ogg,Animal,0.8172137
XC687540.ogg,Bird,0.89871454
XC376773.ogg,Animal,0.83623785
XC674252.ogg,Animal,0.8211875
XC452058.ogg,Animal,0.8431845
XC669763.ogg,Animal,0.9306037
XC423524.ogg,Animal,0.8180507
XC363068.ogg,Animal,0.8958543
XC609237.ogg,Bird,0.80356055
XC549186.ogg,Animal,0.82450426
XC669743.ogg,Animal,0.8277879
XC324838.ogg,Animal,0.8485958
XC405617.ogg,Wild animals,0.8186852
XC526924.ogg,Animal,0.83053404
XC511682.ogg,Animal,0.8436733
XC790601.ogg,Animal,0.84786296
XC796589.ogg,Silence,0.87558705
XC721365.ogg,Wild animals,0.8927346
XC779101.ogg,Animal,0.9112395
XC209127.ogg,Animal,0.9333288
XC486272.ogg,Animal,0.9154747
XC337979.ogg,Animal,0.82621753
XC492313.ogg,Wild animals,0.8607902
XC418712.ogg,Animal,0.8003586
XC337978.ogg,Animal,0.8617878
XC820043.ogg,Animal,0.85226256
XC423306.ogg,Silence,0.9251205
XC380957.ogg,Animal,0.8300226
XC788178.ogg,Animal,0.8151268
XC544812.ogg,Silence,0.97936815
XC327524.ogg,Animal,0.84392583
XC504501.ogg,Animal,0.8384529
XC363454.ogg,Silence,0.96601576
XC807132.ogg,Silence,0.9387379
XC822852.ogg,Silence,0.9019831
XC327518.ogg,Animal,0.91674906
XC411148.ogg,Animal,0.8232397
XC835991.ogg,Animal,0.9446874
XC835990.ogg,Animal,0.89455926
XC428707.ogg,Animal,0.82400197
XC340790.ogg,Animal,0.915767
XC544349.ogg,Silence,1.0
XC661283.ogg,Animal,0.82381314
XC820416.ogg,Animal,0.8202459
XC381753.ogg,Animal,0.9207613
XC514031.ogg,Animal,0.9023921
XC144533.ogg,Animal,0.84726095
XC144879.ogg,Animal,0.8279185
XC381837.ogg,Animal,0.82755864
XC185109.ogg,Animal,0.8428176
XC308180.ogg,Animal,0.8276855
XC632158.ogg,Animal,0.86197686
XC536442.ogg,Silence,0.93768907
XC216812.ogg,Animal,0.803447
XC380958.ogg,Animal,0.9034629
XC424039.ogg,Animal,0.8239776
XC796482.ogg,Silence,1.0
XC796005.ogg,Silence,0.85673916
XC605411.ogg,Silence,0.8769471
XC636768.ogg,Silence,0.9997552
XC533882.ogg,Silence,0.99658084
XC638193.ogg,Silence,0.8421824
XC841001.ogg,Silence,0.80915016
XC636767.ogg,Silence,0.9998974
XC675487.ogg,Silence,0.99566823
